ID,price
0,167.21612151046293
1,68.04505051296839
2,109.76722165766576
3,39.46570473705485
4,49.42287281982594
5,293.4458946265683
6,101.04711594837663
7,31.985293941250163
8,65.26661334657656
9,342.9056721995093
10,55.16923627663327
11,112.1372874209486
12,39.93585689516637
13,16.721114589953586
14,70.53778824179783
15,88.89382237166485
16,55.85624873324454
17,40.79254727601899
18,184.54157390592616
19,31.3474518837465
20,61.78365340088331
21,50.599027873824085
22,43.23923733994185
23,291.36425889726246
24,87.11955342928236
25,132.76270155723176
26,24.49535928189796
27,41.859536196354725
28,337.07809751942887
29,28.278454197116147
30,287.3982383112978
31,152.4154134233678
32,35.4875087956395
33,30.745210030596866
34,172.2974654511346
35,252.24221625648386
36,36.448476831967426
37,55.12163977658132
38,42.57939708707519
39,332.6020522535944
40,25.165050898308678
41,246.36349760120362
42,147.83016349077923
43,85.79468692819349
44,62.05083882322951
45,47.54965849887559
46,27.367231658800407
47,87.26069073763672
48,42.774607033916936
49,177.67637422157975
51,313.1510028484095
52,81.99428418337051
53,33.060866425726175
54,48.69081543554553
55,151.77744119516217
56,81.48861299413055
57,78.01410626761303
58,111.66948165804588
59,97.43615543230395
60,47.047333419765366
61,168.10128319305966
62,277.04467684510996
63,51.87184727417103
64,224.48679737642016
65,21.066331363532043
66,41.40136949535227
67,67.09606286522764
68,179.9780492801939
69,118.77027647676262
71,54.257003672689976
72,77.84276635271875
73,34.03576978100253
74,89.36796209301328
75,181.97636829539533
76,84.5903165573135
77,183.07314351416522
78,16.8954688883193
79,66.50266059638439
80,296.89956427730857
81,277.567919516451
82,48.84024534283769
83,52.11312775157741
84,94.02398005173676
85,69.99990710068518
86,103.29111099248398
87,213.3074325317246
88,12.251724585577264
89,107.84044691743621
90,39.66645739931103
91,66.02535963578397
92,28.17315385712041
93,494.7998236638128
94,37.478628254950024
95,50.047711581520645
96,19.132953327113498
97,57.40847614690976
98,313.1118526414599
99,11.327137763758586
100,269.4823177233124
101,88.40362871124357
102,176.98331197700713
103,214.49803553034587
104,309.0880095458219
105,62.34095903971517
106,84.40060509522947
107,242.40880582381584
108,49.41250870631792
109,360.5340419886184
110,53.97664626972552
111,56.22959946630168
112,80.34666233390278
113,67.15252554192203
114,237.59714712468553
115,43.71698900541291
116,32.97448954980011
117,145.92204807019232
118,183.8912057204729
119,26.01493753743597
120,36.28413981089308
121,106.23240671975164
122,102.82864598334267
123,105.09144755776778
124,27.28022309729195
125,45.35124389721807
126,110.93618881956998
127,116.11067227336783
128,43.095309592215315
129,32.095496695167455
130,162.8249234487575
131,-16.098841634658008
132,79.19271530180167
133,46.59185442062805
134,30.815266549130982
135,274.5711908370575
136,147.41674882497392
137,47.397019782377214
138,94.22623056948224
139,27.017614142054924
140,146.35537374754472
141,7.703246862591932
142,32.06398589058141
143,285.3551542507578
144,107.96027422795412
145,47.77303208763816
146,78.80929688788957
147,59.69424780185231
148,37.06361243985124
149,86.08167900232012
150,138.8893424052875
151,49.255688065680104
152,51.53621187796816
153,225.39537416682793
154,243.06507797575938
155,37.67852348320726
156,84.8232755941359
157,98.50961879610806
158,108.51633083672873
159,200.3889050163479
160,36.842351262271904
161,43.889559681362286
162,41.49162472138387
163,53.346395867833266
164,22.79506306620165
165,53.98732525367579
166,292.80498220255225
167,57.361585407656165
168,43.23014293933345
169,36.7227146210039
170,76.45246918349322
171,45.42645564031635
172,55.725045074388746
173,181.71339981541075
174,38.799976885085314
175,115.45048241074038
176,-11.600431377662801
177,368.6262093629987
178,34.33928975090184
179,235.23805803968315
180,62.98625081743232
181,48.3889515524596
182,56.73953800260331
183,74.75360188999313
184,109.42458359495949
185,101.24853113573327
186,47.23359002193983
187,27.114722070820292
188,42.70373337244527
189,38.86872989327806
190,333.3162078308383
191,98.05553246503844
192,40.91499641261582
193,51.897933967683784
194,51.32189502172115
195,67.83404147949885
196,306.11517164811903
197,165.6441491819566
198,71.93388134182042
199,43.11772187771719
200,51.83368058230779
201,58.441603258165046
202,65.35584345585691
203,150.64588446898154
204,85.74985536741598
205,42.514960210353266
206,31.89312405854791
207,83.90699373963075
208,42.718964152602055
209,33.82858710711726
210,52.95828127107008
211,55.3560614477217
212,20.44759781393651
213,79.89749616109201
215,158.76555462086827
216,43.66716787280866
217,92.04733200715386
218,51.536999139484564
219,104.6941648741266
220,37.98335726256012
221,83.43018340018794
222,-35.10738258295961
223,62.308084727828984
224,54.714228641841956
225,275.5121687854792
226,52.06350744360705
227,368.97867908053416
228,111.98813639110666
229,309.0876431065867
230,208.20886745006538
231,217.28335102966622
232,37.73653553583269
233,42.78252611591061
234,31.95190282060794
235,54.36943890899879
236,28.12982556933936
237,62.558786613356105
238,98.56049282127368
240,186.24640293371448
241,134.49110693892982
242,55.284256555144864
243,55.103290533250046
244,105.92967504051622
245,28.503372490542418
246,65.16504206780887
247,17.885871704607652
248,94.03376576571371
249,39.034281976203815
250,105.673143459721
251,32.38960853431483
252,270.4810956489755
253,34.270265779364124
254,604.9941273032251
255,41.54283868128091
256,236.81864000332712
257,132.33844338375212
258,94.020082641618
259,38.68967392527291
260,179.31297295878164
261,130.7005521856412
262,206.3532247687204
263,125.14896369303328
264,47.29913863499608
265,83.75083478613011
266,40.41325707354555
267,60.27153722742894
268,147.9391042526222
269,34.82886990955468
270,232.1373155324061
271,48.35214193509539
272,148.58424147309046
273,105.31299825966293
274,36.30333343815467
275,30.822947479600018
276,47.574843420293575
277,293.81839417071404
278,155.33720567960427
279,132.438568555078
280,66.30340071267328
281,74.64956073823247
282,112.38173066160813
283,52.354957522808306
284,155.33842815430802
285,26.507603281355088
286,320.8509739053362
287,78.23142436795764
288,46.624810814957314
289,55.10170728957594
290,40.433150879204746
291,325.60242383399117
292,77.0626881351992
293,103.32334332225288
294,-28.995972322522412
295,52.16690666497534
296,40.25366496708544
297,42.62355016533317
298,69.77841320660819
299,77.50463188035592
300,260.9028756502649
301,70.98972651328053
302,42.344332266540576
303,43.40188701405337
304,67.7142064247817
305,39.217947919458865
306,34.211298941918145
307,52.67480920116533
308,735.7608976432889
309,112.44300196707896
310,19.072650599636248
311,90.28490534585755
312,44.726406731402975
313,128.59236489397233
314,82.44685421726219
315,108.1644326807387
316,260.74968743560265
317,29.91310727475907
318,116.97678017501046
319,36.42920196051752
320,37.07221376704179
321,71.31396499391083
322,57.4814028422811
323,92.41164852351478
324,85.71188569283949
325,205.16958079210184
326,39.51922024412589
327,254.42713633474278
328,98.16909293900979
329,37.6933778804632
330,72.04329727294608
331,71.07299597879931
332,80.21595868563266
333,57.021676491586035
334,49.99508174279522
335,70.48386051284281
336,109.7441518961998
337,46.46222029018635
338,37.92657313277755
339,50.34045240685056
340,244.64907805536285
341,273.7797569749632
342,48.31085913896921
343,179.89801650315718
344,95.44748327554537
345,701.7838686791155
346,245.13171540009768
347,46.15743019467489
348,54.687221732664895
349,39.530312940645956
350,207.7872111877445
351,214.27154836226816
352,68.6308790986843
353,112.10600891530002
354,88.21432925294711
355,49.78071224396801
356,25.979797529917235
357,438.33007845550577
358,257.89413661312113
359,293.42728750885306
360,219.95937600931313
361,57.640792792752805
362,94.20627868524382
364,69.0384775909029
365,97.81246809410383
366,59.95169383530758
367,58.52291160399638
368,40.65302375730086
369,43.12877178187337
370,31.25224687390248
371,71.26750637297349
372,41.01079463615015
373,33.572045682232854
374,403.35514341271545
375,424.2050836334307
376,245.83388879070077
377,92.65933210448979
378,99.68018387993469
379,287.89284656171804
380,15.840227632963902
381,47.453344626163556
382,99.45397299939471
383,37.977992557934755
384,55.31558280339108
385,60.37423457605506
387,434.9876237093448
388,211.62584218044373
389,84.28660039361274
390,114.13976973270213
391,106.67451720687579
392,119.98739741258224
393,30.416323311723616
394,222.98168968998203
395,41.26717204317917
396,81.41467593551629
397,199.69660989459857
398,68.12776283862352
399,196.73444947960155
400,78.29421160368032
401,58.562151201286966
402,208.77030194903563
403,174.89631822121822
404,129.17138182698955
405,63.313745459455575
406,54.702239898035714
407,19.169224759126806
408,57.2196953741318
409,92.20648245242755
410,75.18756983901305
411,49.13556713539883
412,-115.00826986601615
413,49.76823914437408
414,312.2258556914536
415,205.83872386391596
416,47.458992734893954
417,46.544607574816055
418,38.58806212826461
419,140.43023478880008
420,80.55115751918832
421,66.01037268993035
422,189.80059618850225
423,112.59385512394935
424,422.37572088980505
425,66.96630101123581
426,232.77418945876127
427,22.323916442474655
428,61.59507186194135
429,26.443517252883126
430,91.10220639782351
431,39.166638225326594
432,31.72408046164155
433,112.57073058587603
434,75.622427499464
435,-15.642540587155437
436,64.26935255673034
437,42.059255970069174
438,97.29704488828109
439,55.45574717113986
440,251.17099602047728
441,361.3076833676272
442,48.413949024311435
443,37.20991956211027
444,383.31361114752144
445,80.62776621076294
446,135.67391847564573
447,35.88997381098706
448,37.79559147400465
449,108.27110375509871
450,39.67738438231602
451,175.27209141791013
452,103.7309801990216
453,265.3159723662991
454,78.43637400920427
455,84.97810688208504
456,57.37634942094326
457,52.461250229059786
458,53.66310898077329
459,65.51252062051147
460,-9.753857576318325
461,-15.819726550868793
462,86.41531385974532
463,84.79966787889235
464,33.441844171449546
465,85.00814038408582
466,140.96616445599074
467,96.21846209571403
468,54.753632229321994
469,40.31466811126056
470,75.22060925578985
471,48.736247884975526
472,281.32947749477154
473,351.52649547391337
474,40.12185094241691
475,58.904086100135046
476,70.86138209356331
477,83.02982572114361
478,-82.14249731234796
479,86.3933921275926
480,220.15453052636718
481,97.89713277095662
482,49.82543383564432
483,217.65503390527186
484,45.80199726322276
485,56.54465570681566
486,447.0391927298628
487,47.59803946478037
488,75.85890043406847
489,85.8104321836188
490,14.724779879252182
491,270.3987363615784
492,54.580914583856824
493,103.20442113789177
494,354.15187258886544
495,55.32766564763254
496,296.5791711400554
497,68.94665345562542
498,72.61533401097948
499,35.395181747120276
500,22.454970767092036
501,57.13111890875443
502,111.08633945308308
503,32.06350662731525
504,130.86031276102057
505,80.13080093260287
506,33.562329606314776
507,171.6388101376843
508,79.04614051251163
509,-166.30906234354805
510,105.75675982729895
511,53.85655369059903
512,52.729785733157684
513,46.37432281950019
514,47.008068568130724
515,152.5755330550254
516,167.98881644071452
517,-61.67880430364845
518,57.30667689273817
519,28.29844427278725
520,148.4755919041295
521,40.404089107163415
523,81.15018710986926
524,40.398554628301056
525,71.14027501124563
526,59.655555469948595
527,15.158830671833087
528,120.05737175064137
529,57.87754812716348
530,199.54053624409528
531,192.41740544471241
532,112.94467000874185
533,4.5374243900387015
534,237.15333302583053
535,63.2357277399271
536,213.04731489291925
537,92.11994389965228
538,324.92399915051567
539,50.330077170465756
540,166.97391300130772
541,10.499096760296666
542,153.14971722519363
543,127.9336860160176
544,102.13565720458008
545,61.417368062239305
546,-11.469679808649161
547,259.53996167408525
548,25.94346018079854
549,42.4949674276794
550,243.65110928509
551,55.48065563527102
552,81.20736785325475
553,141.7898496977673
554,47.980507971097424
555,65.1332419854699
556,84.62328085753997
557,-32.283787307814215
558,229.81419613591294
559,69.70863037882084
560,51.47601734159065
561,114.15936012131122
562,116.94749656536648
563,116.21954375319764
564,107.48388212005698
565,160.5920296132445
566,48.224006160647576
567,32.44948273996512
568,47.638195122679534
569,25.337272428790087
570,273.0763259664729
571,57.76341157118178
572,186.77750979062876
573,104.1266690529351
574,52.66442330921468
575,216.88838138557486
576,393.29050800000965
577,58.805200528347896
578,170.29269028097855
579,27.28990810000745
580,56.540525798121124
581,32.79610695071199
582,96.15312287712031
583,61.47917156930963
584,218.45691829284016
585,59.3971430343977
586,35.31203856628862
587,114.63590404031969
588,123.19414547216472
589,187.9088897959166
590,112.93664517578328
591,89.0759996858446
592,73.52870074733677
593,58.04858790735308
594,142.04541685260108
595,113.0887946499683
596,30.974758521292202
597,68.16427781659728
598,93.52427004999986
599,64.29882025709925
600,43.881545234654496
601,21.46203098648506
602,239.29064218222152
603,13.76130191400864
604,91.13974819351579
605,59.188863965299944
606,79.95105825831455
607,114.43303709934877
608,48.110807158626656
609,291.0884938971943
610,62.93322301403275
611,81.29197708492394
612,264.81581068187927
613,131.18460606943745
614,91.95065523133643
615,37.54341651652864
616,-12.185449855061215
617,42.704538217665416
618,20.212395001433308
619,105.12936654503376
620,52.24241482266238
621,149.66536458709174
622,44.269765305242004
623,76.26283739806108
624,56.57397902472225
625,-10.270831132892596
626,109.20135795271544
627,260.8617991083077
628,96.4240794250431
630,32.43666369896191
631,59.538479053367396
632,57.76416865259817
633,81.64509808812649
634,319.3520488099781
635,51.421356059904056
636,416.91759900961017
637,50.81721878929575
638,262.228363109109
639,42.49214004867032
640,60.19155355665875
642,51.79936889439131
643,87.66495652887771
644,115.70696352499017
645,143.2732262932255
646,62.553516877069626
647,151.10135618016562
648,31.716933279452164
649,234.35599618390495
650,68.32291410926565
651,36.195640765362256
652,45.65287093347956
653,396.81347329029944
654,295.90519621110303
655,31.966710654131802
656,59.27559399597703
657,105.83878895373742
658,219.26979782923343
659,66.83573904836156
660,69.28383452736652
661,50.36532043987995
662,6.901179155552171
663,142.93393579136938
665,85.47863385889023
666,80.07937188739403
667,365.69409576178725
668,275.23996125499656
669,94.16041406414466
670,48.54622262301331
671,354.17469403725016
672,174.69141010865047
673,99.15356731617605
674,39.3263352658244
675,105.85370930798187
676,68.920285178661
677,222.37039180656967
678,127.21191372103162
679,57.88722293628847
680,93.99931013909544
681,39.68828435749607
682,183.73721536564346
683,87.79381398042175
684,47.45982970509952
685,76.40584609749719
686,32.78688046890302
687,463.32490348317
688,60.31710388013495
689,27.551674566794233
690,78.83303863035202
691,43.2351526594433
692,128.3740363195721
693,42.935854773801395
694,1112.0081099977347
695,51.59327114844582
696,156.3162480449276
697,80.59095071767557
698,40.6309772968864
699,184.76948724472487
700,265.6764825804671
701,26.862522098297916
702,199.10765930590998
703,54.03510529581136
704,44.090667738011305
705,142.34621238706012
706,73.09600431747377
707,250.69649437586253
708,186.19908482433357
709,82.5751616673055
710,448.13404360031564
711,14.027724159851388
712,2.05646537515927
713,76.04128839295556
714,107.27187546018207
715,90.18760464507419
716,-4.874173862374057
718,142.02624600326192
719,77.06888076781088
720,42.22282138370055
721,218.91975610943535
722,224.5941656503977
723,-19.624494791972865
724,97.640306296628
725,238.98387379904182
726,82.4091064667649
727,50.49511821255298
728,118.85670917033129
729,64.47065622985296
730,26.42772004425646
731,40.53184215637363
732,92.48580060511857
734,58.957918750300976
735,49.273365833253635
736,122.8151628450437
737,60.32914197176457
738,42.33175638950486
739,96.0650796025259
740,180.98087839594126
741,33.72776525121786
742,324.0091601777677
743,95.79270360398154
744,133.73713762092285
745,130.76565830684257
746,194.4564371037194
747,367.45457587846465
748,49.283025448305324
749,34.11583212330682
750,41.74877431426499
752,256.51874985140705
753,188.66606702104906
754,149.6855962609717
755,206.1454681666437
756,245.56491037207917
757,84.72059643559722
758,68.92214364145728
759,355.1319610763149
760,63.948004907938085
761,319.13157748112246
762,99.58243934933712
763,71.57629652973871
764,213.66494814332384
765,52.83248428133673
766,99.14572762088288
767,75.25734718927255
768,43.53172710554482
769,-8.795330602186596
770,83.7825538974876
771,35.704768728132066
772,52.55977437969564
773,57.03069936084104
774,148.27513212417034
775,58.040043906123586
776,101.67868339810629
777,100.70898941010292
778,68.41946550324492
779,190.27205651603316
780,75.92654778002874
781,65.54402956395391
782,51.231217614383795
783,61.06505244154771
784,150.68843099334225
785,608.4587872914873
786,11.86664261784422
787,258.2776118182232
788,50.549791777104915
789,294.2474340628963
790,70.29484059187415
791,105.73395907334627
792,36.723063475858496
793,36.53465985343006
794,55.186706526248244
795,48.56117584988995
796,151.24119356802555
797,48.41548404011752
798,185.11207330915875
799,36.31831923359407
800,246.09165175275058
801,-26.552511724286823
802,61.93638129310361
803,54.067769059527095
804,60.28186693214424
805,122.10445001495604
806,89.150440187792
807,130.30185806655408
808,45.488319949761475
809,76.15061788165379
810,200.10624512915246
811,38.317994675266945
812,54.216056704451674
813,22.619892990636387
814,365.581259168848
815,221.2048165368961
816,282.06813885017414
817,44.298882820944854
818,205.36164524035348
819,62.23494623882034
820,48.408223526409
821,42.03787546844309
822,85.8494708694818
823,109.50128798109635
824,236.30429329723
825,3.378569378853264
826,177.6408923050895
827,272.0619094940574
828,27.025125213817688
829,18.444397370939598
830,45.33483272292152
831,53.13251455954604
832,83.63535948667511
833,70.79191766308737
835,66.98592954834241
836,59.675366035975316
837,226.09226737960267
838,49.98442923101021
839,248.32979771621564
840,55.25209116376118
841,97.9971010702178
843,14.6216599652182
844,-9.361426242617682
845,66.43530761511651
846,173.27687773784072
847,-21.87511222124978
848,180.1747488719833
849,293.1352281590165
850,121.89753338186487
851,128.7486940268406
852,92.3865162439926
853,2.450165157953492
854,45.424264107981756
855,9.421376716083977
856,53.84482515906022
857,127.94316386890777
858,57.734795498323834
859,58.00997837229913
860,117.58270267781667
861,83.97639842903719
862,143.6989756734248
863,77.21317388868918
864,251.13740354501925
865,40.089541228201085
866,68.96670072266922
867,101.75411407789746
868,103.97449819795774
869,63.20998839795716
870,50.3989342110728
871,27.376753816936272
872,58.02978393056158
873,25.057144206373238
874,36.17088778969902
875,66.46017487219054
876,93.92441956012327
877,77.39839387977331
878,124.70897856936575
879,8.071080466889342
880,93.05939742294042
881,190.19535805294197
882,52.38884325478547
883,56.17760862510424
884,78.79280469393184
885,64.65549636506286
886,56.533061561029584
887,167.30893500416767
888,88.83126573593192
889,362.8198800906245
890,56.81858835664973
891,185.50057818883198
892,198.91953173149182
893,204.02426388865825
894,61.497510033269535
895,1.857499454496363
896,116.45256926830247
897,231.34423070546444
898,86.43581282966387
899,66.27179508653948
900,64.25126372321024
901,47.827153393534346
902,-213.69961171446982
903,447.52789277334233
904,60.28689107707825
905,40.19523435145497
906,97.18964049998935
907,39.42385862738443
908,72.76828285493714
909,67.92012814243351
910,61.181048146598414
911,63.41292809171527
912,-5.354125439481919
913,96.04606385862452
914,56.203304790747396
915,64.64504601381908
916,71.2791085960272
917,69.66286479472082
918,107.3786871013411
919,17.022488057616613
920,190.64298766906285
921,359.9760956294579
922,58.43775881979205
923,139.15247870951328
924,95.89884126293983
925,53.87977456811832
926,36.228553056445165
928,199.76260852382654
929,-74.83176462935299
930,148.501025492836
931,40.06945423474305
932,139.4524398493732
933,17.419438903336783
934,41.447966671500225
935,137.8442301787116
936,148.2478346944211
937,70.77883836526262
938,42.07231096213202
939,90.08496800531408
940,191.0979507991441
941,55.77728487639864
942,100.31902356608568
943,67.20127622590685
944,63.03641332921849
945,74.69222081801892
946,86.41359166834683
947,183.34850174636955
948,81.48895364649742
949,143.1710036421416
950,84.75255817944786
951,372.15486130095945
952,100.83845936162227
953,89.77155776903642
954,53.691411114521756
955,56.834200141071875
956,167.5079176843177
957,192.19184978821755
958,84.52191703365487
960,55.25875767678049
961,48.644459768539974
962,60.314027951563176
963,111.0836994375769
964,73.28480326651918
965,60.871209337913385
966,85.08295532293148
967,157.29653699163532
968,14.21745382989026
969,71.22310838700615
970,76.41264906174793
971,20.023916197033245
972,54.784125248715625
973,40.92975922336963
974,71.82431622182902
975,30.11072819820528
976,60.93409061351572
977,76.16834931980317
978,43.92651825367402
979,41.501835032409545
980,109.46153063108822
981,74.69090739518494
982,77.05919565454569
983,287.678471311542
984,78.08385551968367
985,185.55405502145834
986,57.781908411832646
987,52.74938897001533
988,130.1079252667925
989,439.12562164406444
990,304.85524747442463
991,112.88991848854359
992,237.7889381230421
993,65.72302175165906
995,477.3288974671911
996,33.69267597292402
997,550.6472201001458
998,65.5007421504546
999,112.79502287854582
1000,533.210797907195
1001,44.0394276995555
1002,244.8060930448607
1003,66.05408695246
1004,56.00374536662217
1005,94.96316383871839
1006,157.15559708714056
1007,53.21351975880036
1008,60.28512454246328
1009,40.543601879029424
1010,67.20260754373824
1011,263.14875068111576
1012,213.41670334372787
1013,55.30268983094457
1014,85.51912458211
1015,40.81356994031553
1016,81.93908850839334
1017,28.855360013386857
1018,246.5273704590378
1019,211.80610428478224
1020,44.1669640111006
1021,71.75884293804079
1022,90.35464711833957
1023,-30.226703981510916
1024,58.51239081802625
1025,70.59307360411019
1026,39.48214279332534
1027,2.231651474995857
1028,45.08512201573704
1029,188.89092301552978
1030,60.572012182520794
1031,125.45311502963746
1032,65.49662934529987
1033,71.93691177255057
1034,8.87492848580613
1035,42.51870708326079
1036,320.80836466434454
1037,67.23726522794125
1038,51.23793401161127
1039,310.88401071585713
1040,65.99411649917825
1041,21.68264755247874
1042,59.951990778705564
1043,43.61924601416976
1044,35.776060814285316
1045,158.85750420406163
1046,215.9108388365056
1047,70.5987996112742
1048,40.881902585492085
1049,100.9096143720228
1050,57.473387612339934
1051,44.211359817952385
1052,165.6417313754548
1053,49.74182350444771
1054,140.24214627219305
1055,79.74148776516601
1056,21.7882182088715
1057,97.50962037260017
1058,52.300907099985565
1059,95.57165392303021
1060,114.01807225520518
1061,23.907478678161624
1062,32.992519888870035
1063,49.104309184515856
1064,90.18858157645577
1065,50.85567288123802
1066,74.87123573661394
1067,72.61166752362077
1068,41.630756013172416
1069,31.058175282982504
1070,66.62181204317163
1071,31.482758700630583
1072,113.14928696292027
1073,72.855062296031
1074,42.08279016351797
1075,98.45250442288487
1076,93.61245992425314
1077,233.59142368628596
1078,140.19077394966098
1079,94.25533673003206
1080,286.0043579084651
1081,192.65729415419258
1082,303.69778695335486
1083,365.80423557394505
1084,108.95080051300083
1085,69.07179636077909
1086,57.57525405475009
1087,68.10528286385862
1088,204.09680091837896
1089,221.1892554209478
1090,62.39834254037008
1091,63.267452916903025
1092,97.08624072079719
1093,121.1336597595084
1094,191.4341229984488
1095,-18.903623589993302
1096,34.977098272848465
1097,89.11491221800141
1098,29.695153368316426
1099,109.35133323851464
1100,94.1001514778235
1101,97.30416642740168
1102,297.13332266686035
1103,223.0270392494562
1104,67.59117058764103
1105,33.87501469197814
1106,195.73694612784914
1107,1121.752242947752
1109,52.93906358636271
1110,109.55582814954387
1111,49.08265800728215
1112,284.0614368886808
1113,133.2700517179175
1114,131.79754709413584
1115,61.04640055525698
1116,128.25209383385152
1117,56.50469232763082
1118,240.54426176509992
1119,39.904388929296644
1120,40.854287589766685
1121,58.80831545882219
1122,294.00962186745886
1123,53.65288994345414
1124,40.00472147412211
1125,66.39494837363434
1126,81.70397453132033
1127,178.68583086172475
1128,67.12471430198342
1129,102.81745425475539
1130,80.87493307844166
1131,59.69139178286564
1132,75.24509168411934
1133,63.2836783375604
1134,27.388495617359894
1135,36.30560840546683
1136,118.13177053420178
1137,59.56981650421754
1138,19.172312729089825
1139,59.04840145634792
1140,102.93361245660203
1141,99.58393450311065
1142,44.709436497556595
1143,76.29599741688104
1144,27.041134494455335
1145,115.58956066897927
1146,30.83340136659875
1147,112.39108100769009
1148,61.951985509800195
1149,73.91029336501337
1150,90.3430168874326
1151,49.74612415485757
1152,42.079730955496345
1153,287.5474514153264
1154,44.18979039095892
1155,61.50645024966805
1156,244.1307109268305
1157,260.685800303769
1158,32.09833927171677
1159,103.56321643797038
1160,204.05151115544226
1161,61.90728002575362
1162,105.70832450419469
1163,85.15247153777226
1164,38.42537935599756
1165,57.68992183314218
1166,15.838866300016079
1167,47.666962693543596
1168,44.92243927971724
1169,45.05865330201796
1170,236.78615507664182
1172,66.47453546500934
1173,203.70664925128415
1174,37.411833939754345
1175,277.33521189875813
1176,37.438778050860364
1177,43.78604046557463
1178,107.15761419612595
1179,-38.635053902055034
1180,42.63333830537188
1181,39.358134329982605
1182,39.695071499040765
1183,142.69601822917997
1184,86.24422091187863
1185,79.99762946471022
1186,153.59586517958564
1187,86.57690038483936
1188,130.16306830020113
1189,136.81454341381783
1190,44.009488565096845
1191,59.68289551327466
1192,65.90951887397311
1193,24.87618000116946
1194,8.095415285102732
1195,18.22497751367979
1196,68.0620630149496
1197,52.561983998937436
1198,36.78276620788621
1199,55.29104593354508
1200,322.5376384959767
1201,74.25372800064856
1202,95.35471951709455
1203,36.18798616132946
1204,128.94235123712951
1205,24.31828787298673
1206,60.81489173833036
1207,41.25156280409654
1208,119.58631540830625
1209,59.623899886005304
1210,61.119467711822054
1211,77.24901571687734
1212,34.02168547651296
1213,77.38663812192304
1214,151.9828253588854
1215,81.2101398316497
1216,195.2017575238923
1217,-8.26972404647153
1218,11.182554218722792
1219,61.375059269342785
1220,57.422253090755916
1221,227.31076036232395
1222,168.0211881466691
1223,38.54635423577149
1224,49.521751604462835
1225,51.71307521719105
1226,217.06481651676592
1227,101.35339235366384
1228,56.860885919034786
1229,170.9572482771385
1230,234.1098091958213
1231,177.06987386682812
1232,285.9957320105299
1233,13.299358265505376
1234,43.67961572161359
1235,107.70344452722814
1236,104.84711236014537
1237,60.034185248150365
1238,191.49177613134083
1239,61.322937209795796
1240,100.93630829023444
1241,55.78100125156692
1242,65.0646351527568
1243,59.814887940086194
1244,43.877421584765
1245,144.514231353296
1246,84.65996624630934
1247,156.92825592809305
1248,170.09510548995928
1249,41.280215453318434
1250,364.9896658174589
1251,130.4156154381605
1252,194.47659215984618
1253,50.11519774934344
1254,112.78730551671823
1255,44.54733878110295
1256,196.31427327577137
1257,37.24930750276043
1258,57.420490661282386
1259,104.92809620194855
1260,40.34216515398809
1261,8.60385553152561
1262,91.47970450818629
1263,285.2017836500299
1264,225.97183683710358
1266,57.92653333402923
1267,108.78143014819115
1268,324.47103280185235
1269,131.81744357020818
1270,261.67567585510966
1271,88.93317061919483
1272,44.141637413736944
1273,-6.326188687196499
1274,40.2009253036304
1275,97.68319681731838
1276,-14.286279926792993
1277,43.27962563014593
1278,-30.37554932713686
1279,63.95408100335165
1280,47.82602540461927
1281,56.762277921526874
1282,69.48220317378305
1283,78.91472905764648
1284,62.94715790565938
1285,36.31187648048869
1286,43.447918774429425
1287,139.99976380400585
1288,28.706067027187487
1289,-10.18960117207989
1290,58.624398050548635
1291,39.701803564145806
1292,102.16912441012398
1293,77.91453205676827
1294,451.3164842342957
1295,247.28373599858605
1296,86.2025212729847
1297,40.034690210003305
1298,246.010435335882
1299,81.36096834313271
1300,132.07562363448642
1301,43.732540667840894
1302,2.1719173589534932
1303,47.25980717785235
1304,292.48744274585243
1305,50.29264023073425
1306,50.53694395641561
1307,64.32555067086534
1308,93.50826451432333
1309,74.51467530491892
1310,221.4473113994428
1311,42.237008507770994
1312,79.14010401262034
1314,155.84849919991302
1315,33.73384398581216
1316,34.7892482107746
1317,103.2098586332835
1318,92.63352943190775
1319,95.77845548296413
1320,52.340389565178484
1321,50.82585390980752
1322,118.85292177898226
1323,37.52416227469587
1324,35.21627166814967
1325,218.28923464931114
1326,50.24161875165585
1327,134.25558335409653
1328,104.17241408820242
1329,100.91574985943409
1330,237.05532975453957
1331,64.12734340765063
1332,407.659733132712
1333,91.55270463662846
1334,32.04419192899617
1335,45.854588282517796
1336,39.939011756149156
1337,95.84166276844424
1338,77.17241288607958
1339,10.244028211081933
1340,50.33880712712464
1341,17.768310890660658
1342,24.010154365947486
1343,34.9469992596746
1344,67.62232399691128
1345,44.9418856965318
1346,45.822683567948886
1347,69.52216503517378
1348,68.5123111752783
1349,82.65646758986712
1350,232.8567227656833
1351,48.931903261858636
1352,111.05688240315506
1353,32.84388218734445
1354,75.37978384320236
1355,89.64164360156711
1356,117.02200466147899
1357,50.937050629199675
1358,34.54097763046464
1359,14.85985333277091
1360,84.84666280638758
1361,18.315162961162216
1362,24.379895391088098
1363,70.09412345901465
1364,188.52574466587424
1365,177.87313347210363
1366,99.2207108933021
1367,105.2268919434619
1368,66.26599850985416
1369,48.65499924096541
1370,128.55309913565293
1371,54.15696107042571
1372,40.146855979718836
1373,97.12278284892882
1374,119.33134197901582
1375,219.5660913085955
1376,202.5604177672626
1377,61.49640128607453
1378,31.30400684714077
1379,142.67007677938903
1380,59.79800715127804
1381,5.072388427247645
1382,116.01009504208209
1383,71.99414546823259
1384,37.51439670731823
1385,65.27315282967113
1386,26.891064286724927
1387,69.88645105712685
1388,33.63853978171004
1389,65.77779454879733
1390,50.45988920185023
1391,76.39128042788035
1392,38.77974636589907
1393,274.07123512762956
1394,268.6380470819813
1395,43.77740321690406
1396,92.78014178174116
1397,115.4388593541011
1398,37.998419818754954
1399,447.77000345130114
1400,210.45411850491888
1401,77.55416961758898
1402,295.94603000506896
1403,319.75101861779854
1404,186.0825770687921
1405,42.35437393333551
1406,65.11480231956249
1407,75.07460183864514
1408,13.334643659356558
1409,30.75278622654642
1410,118.92586573306603
1411,11.455152363055404
1412,207.39354978607145
1413,18.829231874366613
1414,275.9640298451268
1415,65.02030009726867
1416,134.70826519719083
1417,366.08109103603573
1418,132.17343484564424
1419,67.35994769281304
1420,-39.531684122677284
1421,135.24756718977875
1422,238.94430962253386
1423,99.0308133907243
1424,25.836468686324167
1425,35.704716478142714
1426,56.202504346149894
1427,84.91225068758648
1428,65.51228875160537
1429,120.10656555770062
1430,65.64709789584496
1431,787.731539833967
1432,187.19759209905084
1433,143.2624857609453
1434,26.84270577809565
1435,43.64701488814724
1436,204.46002215992974
1437,59.216009697436974
1438,25.404380177789662
1439,76.80757176148099
1440,32.98540007032837
1441,103.12412715593949
1442,73.51417326486624
1443,30.031307495415874
1444,116.05004164468438
1445,49.92302535415085
1446,324.6614566399805
1447,175.11403614049112
1448,269.17874449495184
1449,112.79029237575004
1450,-8.864156461153094
1451,62.705771349651016
1452,45.215034841658294
1453,198.7945162258166
1454,30.040425489676366
1455,167.30422961112123
1456,79.97076654552602
1457,25.261316638923986
1458,290.185497626731
1459,85.8037160963111
1460,23.101841283089854
1461,114.89542914150014
1462,83.97120948280512
1463,67.52867370570739
1464,12.008737863164441
1465,23.881033380540842
1466,75.1574761258194
1467,199.25803441320033
1468,60.57400331284656
1469,36.07240480006523
1470,82.33023303606343
1471,201.37129770718286
1472,74.2865929357461
1473,39.85266492372817
1474,25.250992123760795
1475,230.8747573609288
1476,139.82141523425514
1477,166.0029337397977
1478,77.13098686824394
1479,172.51025357068812
1480,234.4416912236229
1481,56.67329594944631
1482,92.17422459158287
1483,33.038562707070795
1484,65.62775873766158
1485,30.06612165531952
1486,68.44444831685838
1487,59.353690092132396
1488,35.88474886352107
1489,-29.974677657673183
1490,53.137877454558335
1491,73.57967172729379
1492,51.43451633811874
1493,58.4116744679703
1494,199.53261929432784
1495,194.5044940886384
1496,83.31240913021234
1497,73.75167099565864
1498,62.7447300524003
1499,-9.12380152305051
1500,106.71738525720723
1501,87.61784293657185
1502,77.37831631633073
1503,302.4187661154542
1504,57.30341856556005
1506,50.94110508888336
1507,5.493248702738299
1508,435.8390223112823
1509,50.482840344423735
1510,-13.287900423311903
1511,52.36298327568447
1512,42.54810448081484
1513,42.6919480071942
1514,309.7938552263022
1515,43.39918740486381
1516,29.920762772444988
1517,93.76055686940406
1518,57.05195439516358
1519,67.55290300962996
1520,40.219536820920155
1521,162.5694707549668
1522,61.179628461919336
1523,72.50224562915191
1524,339.1300901398892
1525,169.49423084794654
1526,82.16137279189753
1527,104.8025553618023
1529,48.66455756387036
1531,90.36517929105754
1532,52.4668204927883
1533,27.320335755124304
1534,45.098549416098095
1535,112.97481361563742
1536,278.5872079997129
1537,63.63872807018571
1538,50.15701110357013
1539,137.52632536334266
1540,89.06254047337738
1541,54.27531589105065
1542,231.98957762568222
1543,78.7851299485295
1544,73.84027403173415
1545,50.51089340069805
1546,302.454409183927
1547,51.848280391657426
1548,47.67192291267945
1549,66.41603096086739
1550,29.7338334765886
1551,106.39990440169926
1552,55.97402753012132
1553,254.8088747702701
1554,279.2071359967372
1555,163.70821576474071
1556,109.39216198758119
1557,211.86337874621375
1558,106.36973194587195
1559,224.41928212936278
1560,37.26888771001161
1561,70.49033975412526
1562,44.859571391096964
1563,47.99521048692061
1564,78.23509101424499
1565,80.15368592068224
1566,127.94798453042249
1567,24.491935606232587
1568,46.48242056658144
1569,79.0280802350732
1570,9.79000827079993
1571,38.52025335366362
1572,29.108487637586094
1573,79.2974007878638
1574,526.2786925320863
1575,45.16713888149661
1576,225.66243275736355
1577,74.26906777717791
1578,67.60207817376688
1579,208.26279013999857
1580,68.18036836239618
1581,48.312096410338285
1582,72.05333110443017
1583,79.54391683221154
1584,93.13695721969312
1585,80.8281072029532
1586,117.89734571804952
1587,61.063270652271015
1588,90.4258150823565
1589,27.39851042553694
1590,31.364720521900367
1591,44.442014169624656
1592,80.1059421365559
1593,111.8098684371718
1594,107.85661524842978
1595,41.29433691041318
1597,388.7554378983008
1598,87.28276751899504
1599,176.9139222651375
1600,51.298899605933926
1601,57.71914855237269
1602,42.73256144834987
1603,52.11962948261997
1604,277.69081367491657
1605,51.17972901625485
1606,174.34867165960446
1607,68.56749581243626
1608,23.296785261068337
1609,50.89323772868629
1610,44.217561783662134
1611,76.91870739476015
1612,241.93922263632032
1613,266.4131517203216
1614,214.67411010599966
1615,51.85443694541068
1616,82.70704501921897
1617,133.33302826432123
1618,52.024364616392745
1619,46.60343272732375
1620,78.87610639215607
1621,76.57979058053645
1622,73.14193301905253
1623,77.6539769201343
1625,29.252558653915457
1626,84.80099717228079
1627,79.34216185059701
1628,99.36483324505566
1629,103.34950409776975
1630,48.17162113700044
1631,42.05526199628845
1632,6.552664028950026
1633,37.371227813625595
1634,67.77405204717836
1635,78.462682400177
1636,177.82574106987028
1637,93.46683437735042
1638,28.955622248096503
1639,90.56200931549112
1640,50.005464426191836
1641,32.65557877060044
1642,48.648940873806694
1643,51.289115187813664
1644,91.484026185545
1645,47.701140803861634
1646,42.68208824956099
1647,236.77733277250007
1648,113.12986913122926
1649,69.69578491566408
1650,63.62162277902699
1651,196.453885319648
1652,67.80653377563193
1653,32.761709417594304
1654,39.74034064609921
1655,61.00183458261141
1656,33.32884194031938
1657,76.33073729777833
1658,130.47431089579345
1659,77.74710153155293
1660,42.707455220913985
1661,44.58619418339107
1662,44.783558874332996
1663,29.672564433698412
1664,49.222421883542765
1665,67.89696830957278
1666,48.94053617139211
1667,44.153083286493754
1668,43.31867891581426
1669,79.94781252016342
1670,64.05435851455813
1671,51.48376307328638
1672,52.79615290305162
1673,81.8936596173943
1674,60.703729935298355
1675,207.66000012106616
1676,205.31061715226338
1677,72.08048550856425
1679,250.3748319535365
1680,691.3334914076537
1681,39.1484369559695
1682,139.0204367272206
1683,63.54281815161447
1684,73.62116765006307
1685,177.443468346906
1686,48.68541285084858
1687,62.87966326555643
1688,117.89155416563882
1689,55.76545385558667
1690,100.94078122522045
1691,958.1583893515777
1692,108.02026233385071
1693,109.50572246155254
1694,43.22924698295655
1695,238.62697900587887
1696,229.2675086482971
1697,373.3805624845814
1698,180.6733787935142
1699,217.2776834544872
1700,41.15531909979988
1701,35.54051899349837
1702,104.5510282657849
1703,50.528631631233054
1704,161.81387196111473
1705,-29.97006140732229
1706,11.335395852350956
1707,116.41818101289657
1708,32.899335412330515
1709,144.8055896468769
1710,499.8765316242304
1711,59.16263748340488
1712,48.533258240491435
1713,69.4083268543081
1714,42.29230713576494
1715,44.45037324567147
1716,14.708260868269932
1717,71.5464194897918
1718,86.12823464149251
1719,62.19054876337397
1720,146.40715318269446
1721,32.69354973982993
1722,47.715106358640895
1723,47.34865668960016
1724,130.1855065747062
1725,64.96145441807052
1726,32.05869512471209
1727,71.55210298104485
1728,35.87633621297853
1729,258.91440121284165
1730,20.52883495530638
1731,18.834533553234138
1732,332.5022614503357
1733,17.278448332517243
1734,311.6327583175464
1735,323.59077265465834
1736,66.97418421658311
1737,253.21480541625812
1738,71.04990113730092
1739,81.03121658570957
1740,51.57658250350342
1741,39.575612135829246
1742,187.39128806365773
1743,106.43797512358422
1744,62.06470196985903
1745,101.41128309275494
1746,52.29359328159275
1747,66.18903484248453
1748,48.73680518213486
1749,186.1780235024724
1750,46.42111422076614
1751,47.81784565282004
1752,192.550934053282
1753,76.60036005928545
1754,44.04229523132075
1755,53.33673404773772
1756,53.17314879104454
1757,520.6098822356516
1758,163.80311585076151
1759,41.965565007766344
1760,97.02975481988271
1761,62.14956674595878
1762,124.2829364861693
1763,75.31062813583121
1764,50.835294058289534
1765,46.67881235623442
1766,172.11723360440197
1767,136.55130677894965
1768,65.23089758688523
1769,138.6640940640977
1770,59.977522697163394
1771,68.10984785270675
1772,66.12164925300057
1773,44.126254637434116
1774,22.60454982796216
1775,30.306505140368316
1776,38.25500590175814
1777,3.074415001634108
1778,302.33464534531595
1780,188.39479955227193
1781,108.96135296644205
1782,297.73713101618074
1783,261.95669352077323
1784,96.25142525754013
1785,106.95684508518222
1786,58.109062654149255
1787,1005.2815234009174
1788,51.54154092352552
1789,133.85644104018166
1790,43.86568869327289
1791,55.88055174037525
1792,51.11516774841023
1793,411.35131956774075
1794,139.0794140198098
1795,158.10934754361563
1796,140.61650807850737
1797,55.99622183528716
1798,55.03336055361764
1799,155.68379083750597
1800,115.47483559068407
1801,87.08323468402777
1802,40.5038843150346
1803,168.13491056577914
1804,70.91295252432083
1805,56.678739242462626
1806,42.56213044633826
1807,52.42286651253862
1808,187.68196091256902
1809,209.09269882020203
1810,61.92271544444411
1811,387.32643181279997
1812,62.7735789479288
1813,93.17299635166562
1814,668.333397589955
1815,-11.941097260328696
1816,55.703449125828556
1817,54.56378583340614
1818,118.4167199937847
1819,58.3641398309602
1820,250.86170961541137
1821,88.23729747036977
1822,30.345463843117628
1823,124.0873229105246
1824,146.5386909795069
1825,303.870347027594
1826,44.32397732554766
1827,375.3733493363432
1828,66.51479386353556
1829,256.56840690743496
1830,33.48336911935543
1831,84.11865184750694
1832,121.23442131213186
1833,65.25517152120914
1834,70.72360936999401
1835,217.28639184128053
1836,45.04073903714958
1837,199.9499787539433
1838,40.596562192483674
1839,176.38231080355587
1840,125.31433949199892
1841,33.58663622852069
1842,61.24508594065749
1843,87.90645513291896
1844,53.62155920836115
1845,24.604231244239642
1846,148.82593904730038
1847,101.81300236763299
1848,190.92087739294925
1849,54.51629490230704
1850,40.35522723136316
1851,216.1939375667119
1852,38.84882287858004
1853,99.03409192772658
1854,98.45122089376152
1855,28.56227168388027
1856,70.92805975811636
1857,95.76415691060957
1858,74.73481777196237
1859,183.62444576251625
1860,108.20874492106417
1861,103.1899108482517
1862,97.12667830064196
1863,250.1381723556447
1864,209.92437002761807
1865,95.5090773231416
1866,91.99451290397685
1867,102.21056915559465
1868,71.94509067655203
1869,48.68676057703473
1870,41.51947354055905
1871,81.90613651494353
1872,29.02573356268526
1873,78.02750883792096
1874,64.71125461360297
1875,150.42419907925233
1876,44.18915993268614
1877,58.82734061974453
1878,95.25724064066345
1879,84.74764434256873
1880,67.77639885356852
1881,87.27354386580028
1882,71.59988483754752
1883,358.8388174399077
1884,94.92260812818482
1885,64.54291976998952
1886,74.12206751925736
1887,49.79839030103834
1889,11.118286924873054
1890,72.25966980840998
1891,101.02737094809616
1892,74.97260895519959
1893,58.862668564447276
1894,46.726158023780314
1895,223.8316656922048
1896,88.14945594000271
1897,114.23747204073238
1898,84.75987558459589
1899,319.9271869146764
1900,48.86279928464323
1901,138.01347681380412
1902,59.32325366312283
1903,111.71040801086549
1905,36.92165542294255
1906,62.961411376894844
1907,45.299618007890686
1908,207.75897844366244
1909,32.210385392863586
1910,25.065421197153512
1911,107.20835682188424
1912,22.46502540817768
1913,70.5291546338777
1914,226.7353653157964
1915,239.539963879637
1916,237.94905891611154
1917,56.330314574297844
1918,129.82502323137857
1919,26.451999796305373
1920,55.98821552572856
1921,32.91933082171663
1922,68.10143314987066
1923,-21.595636475206646
1924,79.74544436381463
1925,23.475107278970285
1926,105.96149117481009
1927,36.8032722351101
1928,61.67977174830311
1929,60.52850371582355
1930,332.18552031897417
1931,46.341522130099335
1932,156.70822045295165
1933,142.04655205390446
1934,94.22684169951198
1935,-32.48848135616197
1936,60.86708309970767
1937,165.24655355776844
1938,116.60965889236648
1939,81.45415038503661
1940,31.312585820760248
1941,104.74913741380787
1942,63.98606198796206
1943,286.89503717076144
1944,232.7580528720461
1945,46.39132724236593
1946,37.27662470980326
1947,158.29649135076647
1948,53.86361963776885
1949,81.8266905741025
1950,77.14670281397049
1951,128.79885355969952
1952,23.714499225227243
1953,60.22845117064297
1954,102.29810547007516
1955,129.63943947136943
1956,60.659945250588905
1957,24.208623540582366
1958,217.33977861109173
1959,336.2830976224233
1960,29.48013552007785
1961,69.75350838231212
1962,321.9936817179528
1963,55.44304307983752
1964,56.09098188019088
1965,79.94700743642916
1966,86.33527271313186
1967,71.30705863016273
1968,68.86933781118326
1969,113.61025857876346
1970,35.70542885350223
1971,101.7485930899674
1972,27.507785819442475
1973,84.95071703161956
1974,49.3344370286823
1975,41.01739845020468
1976,157.9916327031051
1977,227.2319624346983
1978,29.134449516300393
1979,61.225830127007114
1980,42.651329792981656
1981,1.1146525667089477
1982,182.9976108090491
1983,285.33530095112957
1984,43.32716045445444
1985,27.42011919172893
1986,48.7265191910446
1987,36.84074433475689
1988,217.96278682577167
1989,77.89390658366348
1990,42.376796418348604
1991,35.27218343037852
1992,48.63170977715747
1993,63.74672942431839
1994,288.52864792516317
1995,96.77790792486498
1997,65.57168193966596
1998,52.07943745949204
1999,27.6423717936202
2000,151.2644593364961
2001,182.1129875777562
2002,62.05823964889302
2003,232.9440501494579
2004,46.84007722914981
2005,102.90314957667415
2006,64.4125735433057
2007,32.18028816210949
2008,71.9234494406217
2009,48.054049763050145
2010,-27.624148411613906
2011,48.804465593851745
2012,55.62746948316182
2013,167.82517000131816
2014,72.42094737107904
2015,68.10742758622753
2016,31.474994377515245
2017,22.913213663609753
2018,59.19369809453019
2019,112.38185597227123
2020,29.714840509816625
2021,97.22937591566672
2022,61.32567672874488
2023,219.56143520214283
2024,398.14738539892693
2025,85.25752501332595
2026,183.13371620768095
2027,108.49438095821593
2028,88.32067166369542
2029,323.55080942766216
2030,118.55015234278106
2031,137.73682378439577
2032,348.0120614003877
2033,44.135894950593695
2034,108.81152205357124
2035,73.44829476777745
2036,70.38959099553959
2037,56.151492205737654
2038,36.44676033030815
2039,65.77933127032794
2040,46.09363443010781
2041,108.30955142447844
2042,54.34047534166395
2043,35.71878374712399
2044,141.68422869487398
2045,106.4402507707399
2046,67.18385250090809
2047,240.07969092743673
2048,114.0604331651668
2049,79.69196126677151
2050,113.3003352785985
2051,84.33013771457617
2052,262.20934696347916
2053,31.309301993830786
2054,23.86822621414771
2055,228.05014650110223
2056,173.21753317348862
2057,47.90293339105922
2058,77.30713320593263
2059,260.97422090383674
2060,92.80438767136782
2061,38.71061793823607
2062,96.82749314922911
2063,21.468603163563742
2064,61.01606450474716
2065,-42.67181983243622
2066,106.86788732134652
2067,94.78765518473135
2068,340.78121287197985
2069,39.889619890321754
2070,641.2372951147295
2071,301.85092948758734
2072,124.40528656007864
2073,54.92961123487895
2074,34.34125015737473
2075,49.48913796658822
2076,28.631701135241727
2077,149.37207794398404
2078,27.595630385155246
2079,86.06412180159934
2080,101.81331590857384
2081,12.330449117309612
2082,78.01211137076116
2083,73.51257588931476
2084,85.25402023076377
2085,46.00983230214949
2086,813.2383996430394
2087,189.6183062015217
2088,98.60168928234783
2089,77.97679744057687
2090,4.017259962349904
2091,34.33005284851937
2092,401.2764949450201
2093,29.422495241339675
2094,273.5650688933888
2095,35.86710896973709
2096,197.7893829368552
2097,172.1348341134788
2098,83.91000293294373
2099,66.93175586959323
2100,63.77072520004752
2101,647.020902599207
2102,144.35086492777447
2103,152.44524660488554
2104,70.55111517059022
2105,-24.52585111725019
2106,28.656568392315748
2107,102.49442663073883
2108,69.01603996067296
2109,252.5830287720234
2110,83.5306435870851
2111,46.63897476891486
2112,115.56953291420005
2113,76.81267698063469
2114,51.716754376171295
2115,47.37857802095962
2116,41.28759104974833
2117,115.05218086286301
2118,105.42847458612881
2119,66.49888516860965
2120,51.81655146250826
2121,4.042956127993058
2122,97.04814076255359
2123,67.29497183283793
2124,19.350797974955597
2125,76.48783737975809
2126,112.02969007800992
2127,278.55717221676997
2128,45.710596691745494
2129,72.17583472240834
2130,80.7788834510233
2131,81.51049921456764
2132,69.1835419486534
2133,264.078786095684
2134,126.18399642703672
2136,94.27365127369792
2137,63.58628279920042
2138,938.8784364311404
2139,178.74747541278572
2140,188.94732421607057
2141,48.587787767065336
2142,93.41928722664044
2143,140.56958711483276
2144,290.82532000808743
2145,84.54927995452663
2146,113.00716902334482
2147,100.2036060953376
2148,31.579560087458063
2149,90.8184479102462
2150,96.55772737205997
2151,122.00260360952102
2152,161.62617503793592
2153,58.79432197756931
2154,97.85510692896911
2155,67.19156942621818
2156,30.186139636348557
2157,93.5036332910695
2158,32.39933524572159
2159,10.476901495616453
2160,75.73600250596841
2161,257.28790383829255
2162,78.03730776612365
2163,37.94156975546724
2164,218.9860920842342
2165,180.6092318037259
2166,129.12244783144206
2167,124.46305875735662
2168,303.9450300423641
2169,39.71251283322313
2170,44.719561332862796
2171,43.269323115354354
2172,56.10857570549781
2173,238.1032814205633
2174,54.80246243416697
2175,15.740160631572948
2176,155.36204589876417
2177,206.6024805147573
2178,46.95653424048125
2179,96.52534399061012
2180,55.07182470819541
2181,45.462277986659885
2182,90.54004304663424
2183,140.98244951294737
2184,114.13008872619953
2185,64.8604898403543
2186,801.2286664083591
2187,140.21048399786827
2188,114.03459181760441
2189,33.1098206664858
2190,80.13963538907204
2191,269.5026300350889
2192,94.90130577517827
2193,-23.032927504772765
2194,130.67487646750106
2195,42.32286209857082
2196,60.781074721335145
2197,38.67732324158989
2198,125.11392467399325
2199,109.99167210773554
2200,77.28004944829623
2201,43.03106556692329
2202,23.794392690825916
2203,73.64616416553234
2204,53.20818852210748
2206,61.43459619661341
2207,61.078657542008
2208,22.940867847090843
2209,35.448979592422134
2210,126.95165478158093
2211,374.891546803689
2212,28.973064218557568
2213,97.00794889569012
2214,40.967079863944505
2215,219.05462797394875
2216,72.33462997599638
2217,150.17935612007153
2218,43.219396330169744
2219,108.24877363873598
2220,287.56228560008583
2221,54.684069586126455
2222,103.6660694390316
2223,50.25849448066462
2224,41.76940265009047
2225,53.63365638300114
2226,62.346805602067036
2227,185.55955217062143
2228,208.6086356894166
2229,254.7654558090381
2230,146.06488119740862
2231,217.07498477182412
2232,0.19827087995003723
2233,92.198887925041
2234,101.48446556359495
2235,68.02827198100316
2236,176.79002240946977
2237,40.25566786441958
2238,7.446492450625044
2239,10.228637716137847
2240,438.8052237440964
2241,76.07624324312961
2242,100.22162559381793
2243,60.320860675938505
2244,8.35096520206367
2245,37.41859597625863
2246,55.19571209530024
2247,26.408223785592284
2248,93.93091315977988
2249,195.96908568593335
2250,79.91295975826905
2251,73.38198022198954
2252,175.78611579051199
2253,23.062725616970823
2254,35.33018307683348
2255,86.76873191773926
2256,31.815597560060553
2257,223.0415883813157
2258,140.67477558986053
2259,59.197802450737456
2260,68.31448174533018
2261,97.13409873258352
2262,240.24055625763174
2263,84.35560507948755
2264,63.587788918711865
2265,130.01210434456755
2266,15.649286535860924
2267,52.181161330061556
2268,47.75224291130418
2269,94.41320989450445
2270,100.24483503375366
2271,16.12269354885659
2272,103.22337738782382
2273,70.78686481446634
2274,39.06473552921314
2275,61.19527894849416
2276,49.17446890663756
2277,73.58899847089877
2278,305.7783690373065
2279,83.49410686895139
2280,210.24647492526032
2281,38.47623022584128
2282,63.301760496294904
2283,39.66978860534972
2284,185.62070184222574
2285,155.27249047505063
2286,86.23314604508984
2287,-14.976933861618186
2288,65.91825879150961
2289,45.79292955254421
2290,66.99517258443502
2291,95.25328549132924
2292,201.93931354455998
2293,130.77049347301852
2294,199.7289033825079
2295,133.3271677563983
2296,56.21212797771774
2297,76.45304059895757
2298,53.53642418777146
2300,210.32050675443304
2301,224.96999471547923
2302,40.87712904008244
2303,166.18056868835413
2304,-31.951911813241203
2305,104.31892134436326
2306,415.69482696233223
2307,208.65278185256494
2308,96.05145768166459
2309,87.47787707963853
2310,76.99238223869482
2311,50.45720317069167
2312,59.433722457937805
2313,60.83391229932978
2314,71.37305754345165
2315,68.2714188404067
2316,100.16052422322473
2317,119.78165043450853
2318,32.95079005333237
2320,38.610694380501386
2321,192.291939719909
2322,32.47964358149659
2323,55.94101589532953
2324,66.17244945392594
2325,62.213688297519425
2326,40.55972393319935
2327,76.14285627317288
2328,266.36549716104633
2329,67.04409384161177
2330,76.16988499435398
2331,1263.784925077296
2332,-29.856754362911502
2333,64.30300110078862
2335,62.60041391624128
2336,162.03260919573495
2337,323.9212223018125
2338,90.25688945374604
2339,111.49525008011118
2340,34.878820292650616
2341,46.13021982004251
2342,-29.127720103471404
2343,79.49926031512994
2344,126.76381381700058
2345,48.05510785956824
2346,65.59799087055039
2347,34.58307833454971
2348,122.49296913567763
2349,248.78132663810783
2350,62.25380485439082
2351,241.31625329770412
2352,57.30885879696588
2353,57.30968770553501
2354,36.564614315810175
2355,31.534298706422774
2356,149.8376635636559
2357,296.7434261303694
2358,60.10306051834347
2359,12.7525627066304
2360,72.79721835293732
2361,109.26020529333245
2362,49.712725950812
2363,399.08737563027347
2364,245.7349506740474
2365,35.506186675502036
2366,48.875816789173015
2367,171.6609804187459
2368,89.43477501268625
2369,271.92872466604587
2370,16.567016904566813
2371,262.9033041743108
2372,19.283733856894074
2373,219.92038762287933
2374,113.9539890091941
2375,36.46604190635931
2376,56.27673526096926
2377,169.12513367294503
2378,32.42819057151276
2379,118.84181479433103
2380,213.90454907331167
2381,91.85466921749254
2382,81.3725076537185
2383,61.9055814260707
2384,184.12144243910518
2385,71.49701602340359
2386,28.44095034031298
2387,158.78819629905234
2388,83.59443381801266
2389,144.5470316696148
2390,75.52225837649443
2391,76.15111701016518
2392,133.40191730578266
2393,22.483872687701123
2394,170.43492372362408
2395,73.42150245132326
2396,204.1374461903876
2397,67.6125334474536
2398,57.43340510734204
2399,42.23346030782237
2400,60.62426770496468
2401,203.0342599083745
2402,82.8874966984588
2404,77.46094067507549
2405,153.7521324182955
2406,-40.21637310689632
2407,138.532456392681
2408,58.08903161759845
2409,104.27352859102483
2410,38.507477253354196
2411,651.7388854065589
2412,67.2220191263696
2413,66.78811438786049
2414,25.58451675682329
2415,82.05439590859804
2416,70.04076445249835
2417,162.42045109981308
2418,50.998499446461565
2419,151.14182733895154
2420,49.19256005686539
2421,35.61572018800301
2422,88.50609162765171
2423,134.34419139196604
2424,80.13543210674094
2425,106.43764976368799
2426,21.125833255567912
2427,43.63776831121204
2428,-15.703561606114697
2429,169.16823691854
2430,542.2257638796833
2431,52.980252020639185
2432,49.16774487657476
2433,419.5054953833132
2434,51.80944408713232
2435,46.187969179658026
2436,341.4282939684557
2437,68.45722700240204
2438,55.789331875744196
2439,609.8298020648347
2440,51.021963177718064
2441,32.36275606521819
2442,93.32831500387788
2443,38.68671905595417
2444,61.397062183332636
2445,75.38769187639376
2446,163.8199499955026
2447,34.58291604627759
2448,1321.8938083719192
2449,98.48668946768181
2450,50.54996548537504
2451,42.06564371150414
2452,25.67780394702106
2453,73.82604426735521
2454,180.5929790917598
2455,55.71909724777662
2456,71.81663734624807
2457,83.99048131082536
2458,78.72456318520192
2459,22.819614263900633
2460,65.59594019370839
2461,120.71517719587324
2462,47.896390077161115
2463,678.3948216358281
2464,122.01220280507435
2465,70.48873499155478
2466,76.61199735740057
2467,50.55472002256049
2468,110.04737856734319
2469,108.17868404007793
2470,210.95261605610807
2471,86.57555258038907
2472,64.14377662893351
2473,174.315152371953
2474,80.04424740865339
2475,40.70031896895996
2476,273.3718851176569
2477,138.66351195942536
2478,241.385489927925
2479,65.4056346806425
2480,39.05164642881665
2481,45.31371323524324
2482,30.711585793265243
2483,71.55121053692814
2484,77.29513867569896
2485,60.477621620754476
2486,94.78122100673188
2487,40.11375304022782
2488,113.28499143821996
2489,127.46660605373437
2490,432.7582459552146
2491,24.03185529293235
2492,57.90862635041998
2493,74.92142904342516
2494,130.62895674050645
2495,39.795697826746576
2496,55.32902128481551
2497,113.91722612549192
2498,60.72472693156969
2499,-110.53002054030239
2500,90.35718707638004
2501,35.092215583320254
2502,-45.23557137635585
2503,133.88048611041222
2504,50.37075465747638
2505,15.469355119404867
2506,33.806330529294385
2507,34.46180473670303
2508,68.93382722940093
2509,78.49013929431901
2510,22.52900340327784
2511,313.4456297125039
2512,53.21741369923575
2513,63.70847607402622
2514,199.07198526315995
2515,289.8309986455818
2516,84.8596788925786
2517,51.28617666515704
2518,51.33624392093337
2519,74.26723146137257
2520,27.897929853825246
2521,64.26159781991002
2522,52.184030527547336
2523,53.98457486452668
2524,353.2952146746034
2525,57.075380643402625
2526,96.34621488555929
2527,57.5274696416176
2528,72.72908136733612
2529,56.72685335192928
2530,91.23285232405185
2531,140.95518595820732
2532,88.53094366855599
2533,126.48077510979145
2534,208.19165842609
2535,71.97861468519592
2536,103.67510156304765
2537,27.013614172282033
2538,65.35385420491825
2539,55.95515419679957
2540,28.402238269344352
2541,603.105279563409
2542,219.10501641633925
2543,130.79972341472643
2544,506.7573754517808
2545,81.45734727356582
2546,61.660533605942945
2547,51.65520724669413
2548,27.218164697730273
2549,228.34527902286777
2550,41.545898089940025
2551,7.72739762301503
2552,341.5244473624752
2553,53.50124816444851
2554,105.76873692838929
2555,42.44291077533016
2556,32.19161855842057
2557,219.7842445007779
2558,64.76187974950459
2559,157.0106569110763
2560,78.10275968588336
2561,95.00052856580983
2562,54.24560812180563
2563,242.49612204077283
2564,-3.6548817271277017
2565,231.0439424629812
2566,52.82971151667108
2567,73.97226746372745
2568,-7.149868569571687
2569,76.0793067260853
2570,300.88491355678696
2571,41.56330516989182
2572,76.43818720309461
2573,162.05700610409434
2574,88.09178228246971
2575,152.71582191251468
2576,110.28288593410933
2577,215.35856349549243
2578,79.59701693954791
2579,112.11220239407048
2580,44.04098301810393
2581,51.266104494815664
2582,23.398534983845366
2583,91.37414555103776
2585,80.73317046136158
2586,47.00663563103048
2587,91.17098094828718
2588,28.883118330902036
2589,105.13615595988249
2590,233.3730714763713
2591,222.36546578419018
2592,61.46786343908106
2593,80.39760962705479
2594,81.69221561325044
2595,175.49208839195364
2596,86.33154361197022
2597,36.212646195710306
2598,63.733772073735125
2599,52.110284529742245
2600,46.10817808849417
2601,76.18891682567717
2602,53.49022749422237
2603,60.016505116927235
2604,152.5513589796484
2605,171.5557429640288
2606,48.947602492073585
2607,60.39878013392318
2608,43.49258388680289
2610,83.57435815781331
2611,42.639614264587905
2612,275.1089791523129
2613,166.73352423660168
2614,93.95182797501776
2615,40.45088153947428
2616,58.55837785375475
2617,24.498894297207883
2618,49.45795563728133
2619,203.77495727140882
2620,53.26621899563317
2621,237.60929864272845
2622,42.41074812267972
2623,108.45672370657603
2624,66.05846406843052
2625,204.18431627667707
2626,100.08459340597402
2627,98.22645082240287
2628,47.36342116905287
2629,111.74733925957868
2630,62.86938165095772
2631,32.550180917599405
2632,49.53813265155647
2633,98.63920864440244
2634,203.17334610647492
2635,50.3285757354525
2636,50.70112921741064
2637,220.91020788754935
2638,158.2548506542705
2639,96.32582641804792
2640,97.18874192444459
2641,47.007709356983824
2642,30.343576718466565
2644,290.787960992141
2645,68.94448454729836
2646,77.2173502538216
2647,167.45691089006942
2648,43.190396019445174
2649,12.63225019654584
2650,222.0807032699912
2651,91.59955520873508
2652,79.88992874922202
2653,102.28064777901604
2654,48.925878129845685
2655,252.87325933780397
2656,61.27085633988655
2657,51.62830997351047
2658,110.30561923076671
2659,253.58267755820214
2660,347.4363025238271
2661,35.200423426992
2662,284.7911670876279
2663,4.5637074802994135
